S,B,is_validation,gpu_name,idle_watts,status,latency_s,memory_bytes,energy_j,flops_profiler,energy_repeats
32,1,False,Tesla T4,26.95,ok,0.000875645000064651,18789376,0.024618945706630573,18450432,572
32,2,False,Tesla T4,26.95,ok,0.0009675530000095023,18899968,0.03257714129955827,36900864,517
32,4,False,Tesla T4,26.95,ok,0.0009985279999682461,19121152,0.03086627995297412,73801728,501
32,8,False,Tesla T4,26.95,ok,0.0009703059999992547,19563520,0.038773298671780886,147603456,516
32,16,False,Tesla T4,26.95,ok,0.0008915110000771165,15000576,0.038976774738620094,295206912,561
32,32,False,Tesla T4,26.95,ok,0.0008894220000001951,16245760,0.06755960238733008,590413824,563
32,64,False,Tesla T4,26.95,ok,0.0011916660000679258,18736128,0.0930241935040484,1180827648,420
32,95,False,Tesla T4,26.95,ok,0.001810134000038488,47395840,0.12007683002599373,1752791040,277
32,98,False,Tesla T4,26.95,ok,0.0018713289999823246,48443392,0.15602792303261356,1808142336,268
32,128,False,Tesla T4,26.95,ok,0.0022121839999726944,59368448,0.16477924000452046,2361655296,227
32,167,False,Tesla T4,26.95,ok,0.002951984999981505,72572416,0.2047100053101677,3081222144,170
32,256,True,Tesla T4,26.95,ok,0.004083945000047606,103695360,0.29450357296207447,4723310592,123
48,1,False,Tesla T4,26.95,ok,0.0010336079999433423,14281216,0.04346994011874271,41121792,484
48,2,False,Tesla T4,26.95,ok,0.0010181410000313917,14105600,0.04253414685182435,82243584,492
48,4,True,Tesla T4,26.95,ok,0.0009481739999728234,14455808,0.04165916684396965,164487168,528
48,8,False,Tesla T4,26.95,ok,0.0009129000000029919,15156224,0.0478225887597791,328974336,548
48,16,False,Tesla T4,26.95,ok,0.0009103899999445275,16557056,0.04961371002088525,657948672,550
48,32,False,Tesla T4,26.95,ok,0.0009409240000195496,19358720,0.0627673294776995,1315897344,532
48,64,False,Tesla T4,26.95,ok,0.0011989949999815508,24962048,0.08620330609118024,2631794688,418
48,95,True,Tesla T4,26.95,ok,0.0022645889999921565,53208064,0.17095937596315214,3906570240,221
48,98,True,Tesla T4,26.95,ok,0.00230516900001021,54120448,0.17270740455362837,4029935616,217
48,128,False,Tesla T4,26.95,ok,0.002857666000068093,66577408,0.2139928077832468,5263589376,175
48,167,False,Tesla T4,26.95,ok,0.003923252999925353,81977856,0.2959464701607757,6867339264,128
48,256,False,Tesla T4,26.95,ok,0.006076591000010012,118113280,0.43463318745370466,10527178752,83
64,1,False,Tesla T4,26.95,ok,0.0008979850000514489,23995392,0.04505827715397796,72861696,557
64,2,False,Tesla T4,26.95,ok,0.000977343000045039,24142848,0.044641823048528206,145723392,512
64,4,False,Tesla T4,26.95,ok,0.0013966589999654389,24929280,0.061997770454142224,291446784,358
64,8,False,Tesla T4,26.95,ok,0.0013384150000774753,17819136,0.06739749323682437,582893568,374
64,16,False,Tesla T4,26.95,ok,0.0012773029999380014,19523072,0.07725945881098058,1165787136,392
64,32,False,Tesla T4,26.95,ok,0.0016765689999829192,23847936,0.08237536976226431,2331574272,299
64,64,False,Tesla T4,26.95,ok,0.001674277000006441,33678336,0.12178016697937548,4663148544,299
64,95,False,Tesla T4,26.95,ok,0.00371651800003292,60235264,0.2890521407754346,6921861120,135
64,98,False,Tesla T4,26.95,ok,0.003839894999941862,61689856,0.28960052341974213,7140446208,131
64,128,True,Tesla T4,26.95,ok,0.0052525419999938094,76669952,0.3673358720640901,9326297088,96
64,167,True,Tesla T4,26.95,ok,0.006829536000054759,95145472,0.49187317992222473,12167903232,74
64,256,False,Tesla T4,26.95,ok,0.010083504000022003,138298368,0.676220716911356,18652594176,50
112,1,True,Tesla T4,26.95,ok,0.0009269670000549013,24299520,0.05175678496154913,222492672,540
112,2,False,Tesla T4,26.95,ok,0.001051719999964007,24751104,0.05788543200054344,444985344,476
112,4,False,Tesla T4,26.95,ok,0.0010006769999790777,18724352,0.05879778438082723,889970688,500
112,8,False,Tesla T4,26.95,ok,0.001001792000010937,21439488,0.06428396581677748,1779941376,500
112,16,False,Tesla T4,26.95,ok,0.0012070040000935478,29008896,0.08703008873268883,3559882752,415
112,32,False,Tesla T4,26.95,ok,0.0023598870000114403,44262400,0.17227084093847234,7119765504,212
112,64,False,Tesla T4,26.95,ok,0.004161343999953715,75228160,0.33815642531750695,14239531008,121
112,95,False,Tesla T4,26.95,ok,0.011684371000001192,158279680,0.8006886912309349,21136803840,43
112,98,True,Tesla T4,26.95,ok,0.012285499999961758,175946752,0.8514586810848608,21804281856,41
112,128,False,Tesla T4,26.95,ok,0.0154201400000602,205849600,1.0546942746357968,28479062016,33
112,167,False,Tesla T4,26.95,ok,0.021062024000002566,273719296,1.3824071247090324,37156276224,24
112,256,False,Tesla T4,26.95,ok,0.031061582000006638,397607936,2.1096873755172845,56958124032,17
128,1,False,Tesla T4,26.95,ok,0.0016364159999966432,24437760,0.07390935107041222,290506752,306
128,2,False,Tesla T4,26.95,ok,0.001783034999903066,17819648,0.08114805885804476,581013504,281
128,4,False,Tesla T4,26.95,ok,0.0009734479999679024,19523584,0.06281415064577565,1162027008,514
128,8,False,Tesla T4,26.95,ok,0.0009339310000768819,23847936,0.0713461057218383,2324054016,536
128,16,False,Tesla T4,26.95,ok,0.0015157430000272143,33678336,0.11880700011091987,4648108032,330
128,32,False,Tesla T4,26.95,ok,0.00283849699997063,53601280,0.22391742096265488,9296216064,177
128,64,False,Tesla T4,26.95,ok,0.0056685860000698085,119342080,0.4432177600476164,18592432128,89
128,95,False,Tesla T4,26.95,ok,0.013043065000033494,170853376,0.876728329830772,27598141440,39
128,98,False,Tesla T4,26.95,ok,0.013683598999932656,189236224,0.9217233479752369,28469661696,37
128,128,True,Tesla T4,26.95,ok,0.017182788000013716,223544320,1.1794166238999781,37184864256,30
128,167,False,Tesla T4,26.95,ok,0.02284263000001374,296805376,1.5518179158405052,48514627584,22
128,256,True,Tesla T4,26.95,ok,0.034122007000064514,431948800,2.2595202851788585,74369728512,15
224,1,False,Tesla T4,26.95,ok,0.0009209039999404922,18725376,0.06461919880067409,889030656,543
224,2,False,Tesla T4,26.95,ok,0.0009737049999785086,21439488,0.07076730121112385,1778061312,514
224,4,False,Tesla T4,26.95,ok,0.0012044769999874916,29008896,0.09659687648535081,3556122624,416
224,8,True,Tesla T4,26.95,ok,0.0022459020000269447,44262400,0.18541589045022872,7112245248,223
224,16,False,Tesla T4,26.95,ok,0.004350267999939206,75228160,0.3441735850167997,14224490496,115
224,32,False,Tesla T4,26.95,ok,0.009398167999961515,174699520,0.6460164215708991,28448980992,54
224,64,False,Tesla T4,26.95,ok,0.01853224700005285,335307776,1.2477764455063944,56897961984,27
224,95,False,Tesla T4,26.95,ok,0.04082171699997161,492012544,2.7453270808014136,84457912320,13
224,98,False,Tesla T4,26.95,ok,0.04329302199994345,548817920,2.8967077758802353,87125004288,12
224,128,False,Tesla T4,26.95,ok,0.053718412999955945,654959616,3.6272265175699245,113795923968,10
224,167,False,Tesla T4,26.95,ok,0.07345926899995447,877450240,4.9009026034089365,148468119552,7
224,256,False,Tesla T4,26.95,ok,0.11104349799995816,1291969536,7.077332538935269,227591847936,5
256,1,False,Tesla T4,26.95,ok,0.0009366520000639866,19524608,0.06587280203076064,1161086976,534
256,2,True,Tesla T4,26.95,ok,0.000995685000020785,23847936,0.06039125688439294,2322173952,503
256,4,False,Tesla T4,26.95,ok,0.0014928240000244841,33678336,0.11234780007103029,4644347904,335
256,8,True,Tesla T4,26.95,ok,0.002971107000007578,53601280,0.2232037554056835,9288695808,169
256,16,True,Tesla T4,26.95,ok,0.0056678119999560295,119342080,0.4149650924227364,18577391616,89
256,32,False,Tesla T4,26.95,ok,0.011899442999947496,223544320,0.802735343822452,37154783232,43
256,64,True,Tesla T4,26.95,ok,0.02359285,431948800,1.570697472445165,74309566464,22
256,95,False,Tesla T4,26.95,ok,0.05078656799992132,637993984,3.311939442917229,110303262720,10
256,98,True,Tesla T4,26.95,ok,0.05391197500000544,712573952,3.6353530826242535,113786523648,10
256,128,False,Tesla T4,26.95,ok,0.0678362770000831,848757760,4.596401829584666,148619132928,8
256,167,False,Tesla T4,26.95,ok,0.09202721600001951,1140130816,6.076706960856158,193901524992,6
256,256,True,Tesla T4,26.95,ok,0.1378328360000296,1683088384,9.245017575234174,297238265856,5
352,1,False,Tesla T4,26.95,ok,0.0009121629999526704,23847936,0.06759884099047961,2194900992,549
352,2,True,Tesla T4,26.95,ok,0.0014911609999899156,32588800,0.11713640634512903,4389801984,336
352,4,False,Tesla T4,26.95,ok,0.002849214999969263,51422208,0.23093645568202306,8779603968,176
352,8,False,Tesla T4,26.95,ok,0.00565959000005023,89089024,0.4368835060114993,17559207936,89
352,16,False,Tesla T4,26.95,ok,0.011760157000026084,190342144,0.7865296641806613,35118415872,43
352,32,False,Tesla T4,26.95,ok,0.022714172999940274,365544448,1.5209876011606271,70236831744,23
352,64,False,Tesla T4,26.95,ok,0.04538541199997326,715949056,3.004204894652274,140473663488,12
352,95,True,Tesla T4,26.95,ok,0.09922075100007532,1061893120,6.36727899330166,208515594240,6
352,98,False,Tesla T4,26.95,ok,0.10646442999995998,1179108352,6.88871263842722,215100297216,5
352,128,False,Tesla T4,26.95,ok,0.13257193300000836,1416758272,9.19037171208513,280947326976,5
352,167,False,Tesla T4,26.95,ok,0.18051043100001607,1902220288,12.037273170669488,366548465664,5
352,256,True,Tesla T4,26.95,ok,0.2713006100000257,2818696192,17.94567108500363,561894653952,5
384,1,False,Tesla T4,26.95,ok,0.0012469929999952,24962048,0.09791804899126524,2612054016,401
384,2,True,Tesla T4,26.95,ok,0.0015915620000441777,36168704,0.13502102439655503,5224108032,315
384,4,False,Tesla T4,26.95,ok,0.0029927479999969364,58582016,0.23809898611195726,10448216064,168
384,8,False,Tesla T4,26.95,ok,0.00693043800004034,103408640,0.5006454057184359,20896432128,73
384,16,False,Tesla T4,26.95,ok,0.013765891000048214,226761728,0.922979487614722,41792864256,37
384,32,False,Tesla T4,26.95,ok,0.026941970999928344,436286464,1.8036258086127996,83585728512,19
384,64,False,Tesla T4,26.95,ok,0.05338518199994269,857433088,3.5245483028752047,167171457024,10
384,95,False,Tesla T4,26.95,ok,0.11646168999993733,1273271296,7.883689251126126,248145131520,5
384,98,True,Tesla T4,26.95,ok,0.12432972400006292,1414835200,8.438343876735226,255981293568,5
384,128,False,Tesla T4,26.95,ok,0.15666635499997028,1699726336,10.644377644285514,334342914048,5
384,167,False,Tesla T4,26.95,ok,0.21292249600003288,2283670528,14.303474194245899,436213020672,5
384,256,False,Tesla T4,26.95,ok,0.32199511900000743,3384312832,21.508419692100805,668685828096,5
400,1,True,Tesla T4,26.95,ok,0.0008749659999693904,25915392,0.07036082331759613,2834233344,572
400,2,False,Tesla T4,26.95,ok,0.0017722059999414341,38075392,0.13924579372588622,5668466688,283
400,4,False,Tesla T4,26.95,ok,0.0033890519999886237,62395392,0.2736621320104701,11336933376,148
400,8,False,Tesla T4,26.95,ok,0.00781330299992078,111035392,0.5551686608463993,22673866752,64
400,16,True,Tesla T4,26.95,ok,0.015622827000015604,257557504,1.022655071380574,45347733504,33
400,32,False,Tesla T4,26.95,ok,0.030005347000042093,498500608,1.9628821917747952,90695467008,17
400,64,True,Tesla T4,26.95,ok,0.060582957999940845,981861376,4.1135995733708155,181390934016,9
400,95,False,Tesla T4,26.95,ok,0.1330745250000973,1459462144,9.064544123339441,269252167680,5
400,98,False,Tesla T4,26.95,ok,0.14382373299997653,1626262528,9.596646043553484,277754867712,5
400,128,False,Tesla T4,26.95,ok,0.17924434799999744,1948582912,12.107052088302176,362781868032,5
400,167,False,Tesla T4,26.95,ok,0.24301813400006722,2621784064,16.138813988948236,473316968448,5
400,256,False,Tesla T4,26.95,ok,0.36866677800003345,3882025984,24.679665128040106,725563736064,5
512,1,True,Tesla T4,26.95,ok,0.0017834189999348382,33678336,0.11392512256123813,4643407872,281
512,2,False,Tesla T4,26.95,ok,0.0028848350000316714,53601280,0.22214501162490324,9286815744,174
512,4,False,Tesla T4,26.95,ok,0.006194211999968502,93447168,0.45237242918483317,18573631488,81
512,8,False,Tesla T4,26.95,ok,0.013440502999969794,173138944,0.8862521441386301,37147262976,38
512,16,False,Tesla T4,26.95,ok,0.02407886799994685,399760384,1.6114703147701066,74294525952,21
512,32,False,Tesla T4,26.95,ok,0.048379453999928046,784380928,3.2547617617274938,148589051904,11
512,64,False,Tesla T4,26.95,ok,0.09770727700004045,1553622016,6.486781296500436,297178103808,6
512,95,False,Tesla T4,26.95,ok,0.21132774799991694,2313425920,14.199647024853855,441123747840,5
512,98,False,Tesla T4,26.95,ok,0.22853190199998608,2575363072,15.325249631644496,455053971456,5
512,128,False,Tesla T4,26.95,ok,0.28503729099998054,3092104192,18.989248833039746,594356207616,5
512,167,False,Tesla T4,26.95,ok,0.38719928399996206,4161031168,25.86812576048839,775449114624,5
512,256,False,Tesla T4,26.95,ok,0.5849380949999841,6169068544,38.90515028886265,1188712415232,5
